source_title,n_runs,measure,mean,sd,cv,min,max,range
ENTITY_35_TMBA_seed1,5,n_nodes,186.2,5.805170109479997,0.031177068257142844,179,195,16
ENTITY_35_TMBA_seed1,5,n_edges,160,13.564659966250536,0.08477912478906585,146,178,32
ENTITY_35_TMBA_seed1,5,F_prop,0.33746792677273224,0.04132933590237409,0.12246893000355358,0.3128491620111732,0.41025641025641024,0.09740724824523705
ENTITY_35_TMBA_seed1,5,M_prop,0.12668935386536861,0.005561048959506045,0.04389515606351352,0.11827956989247312,0.13333333333333333,0.015053763440860207
ENTITY_35_TMBA_seed1,5,V_prop,0.383200295750556,0.04119067602524531,0.10749124278353468,0.3128205128205128,0.41935483870967744,0.10653432588916462
ENTITY_35_TMBA_seed1,5,P_prop,0.15264242361134314,0.007705503641580777,0.050480747483415654,0.14358974358974358,0.16042780748663102,0.01683806389688744
ENTITY_35_TMBA_seed1,5,S_prop,0.5590561287017026,0.05485158355664059,0.09811462703042458,0.4863013698630137,0.6348314606741573,0.1485300908111436
ENTITY_35_TMBA_seed1,5,W_prop,0.07819936756981004,0.019440767458062048,0.24860517498056375,0.0449438202247191,0.09411764705882353,0.04917382683410443
ENTITY_35_TMBA_seed1,5,J_prop,0.30550934402721197,0.036005794919944524,0.1178549711289271,0.2647058823529412,0.363013698630137,0.09830781627719581
ENTITY_35_TMBA_seed1,5,E_prop,0.05723515970127528,0.01669451054743675,0.2916827809089659,0.028089887640449437,0.0684931506849315,0.040403263044482066
ENTITY_35_TMBA_seed1,5,Ext_prop,0.06138732913966949,0.007607908656809819,0.12393288262306015,0.05128205128205128,0.07065217391304347,0.019370122630992193
ENTITY_35_TMBA_seed1,5,Q0_prop,0.9362887763191636,0.020630258988329757,0.022034076996451445,0.8994413407821229,0.946524064171123,0.0470827233890001
ENTITY_35_TMBA_seed1,5,Q1_prop,0.06371122368083641,0.02063025898832975,0.3238088643796539,0.053475935828877004,0.1005586592178771,0.047082723389000096
ENTITY_35_TMBA_seed1,5,Q2_prop,0,0,0,0,0,0
ENTITY_35_TMBA_seed1,5,orphan_rate,0.12406656913982028,0.03742896222784562,0.3016845108827343,0.07262569832402235,0.17647058823529413,0.10384488991127178
ENTITY_35_TMBA_seed1,5,root_count,76,6.557438524302,0.08628208584607895,71,87,16
ENTITY_35_TMBA_seed1,5,leaf_count,38.2,2.7748873851023212,0.07264103102362097,34,41,7
ENTITY_35_TMBA_seed1,5,component_count,39.6,8.35463942968217,0.21097574317379214,29,49,20
ENTITY_35_E1_seed1,5,n_nodes,165.6,2.8809720581775866,0.01739717426435741,163,170,7
ENTITY_35_E1_seed1,5,n_edges,167,5.744562646538029,0.0343985787217846,159,174,15
ENTITY_35_E1_seed1,5,F_prop,0.34640679612863245,0.022403025471957966,0.06467259223066447,0.31901840490797545,0.37058823529411766,0.05156983038614221
ENTITY_35_E1_seed1,5,M_prop,0.13904510753866134,0.011770194604261222,0.08465018879566498,0.12352941176470589,0.15337423312883436,0.02984482136412847
ENTITY_35_E1_seed1,5,V_prop,0.40225473075291,0.01744532701797721,0.04336885481825003,0.3780487804878049,0.42073170731707316,0.042682926829268275
ENTITY_35_E1_seed1,5,P_prop,0.11229336557979622,0.0042540249124708536,0.03788313664397139,0.10975609756097561,0.11976047904191617,0.010004381480940558
ENTITY_35_E1_seed1,5,S_prop,0.7271174169399578,0.009430288175406004,0.012969415882090907,0.7126436781609196,0.7358490566037735,0.023205378442853974
ENTITY_35_E1_seed1,5,W_prop,0.046732445679923906,0.004961685944416965,0.10617218663025137,0.041176470588235294,0.05172413793103448,0.010547667342799188
ENTITY_35_E1_seed1,5,J_prop,0.15433362297106348,0.006769582160368492,0.04386330101016123,0.14465408805031446,0.16091954022988506,0.016265452179570594
ENTITY_35_E1_seed1,5,E_prop,0.0718165144090548,0.002169057993017809,0.030202774541009034,0.06918238993710692,0.07471264367816093,0.005530253741054009
ENTITY_35_E1_seed1,5,Ext_prop,0.060450148808543415,0.01165812026398715,0.19285511274605016,0.047058823529411764,0.07317073170731707,0.026111908177905305
ENTITY_35_E1_seed1,5,Q0_prop,0.926307081465134,0.013183042975277025,0.014231827910054937,0.9101796407185628,0.9390243902439024,0.028844749525339552
ENTITY_35_E1_seed1,5,Q1_prop,0.07369291853486608,0.013183042975277028,0.17889158466481117,0.06097560975609756,0.08982035928143713,0.028844749525339566
ENTITY_35_E1_seed1,5,Q2_prop,0,0,0,0,0,0
ENTITY_35_E1_seed1,5,orphan_rate,0.045816775669598915,0.015542676728532826,0.3392354983820032,0.018292682926829267,0.054878048780487805,0.03658536585365854
ENTITY_35_E1_seed1,5,root_count,90.8,7.886697661252141,0.08685790375828349,79,99,20
ENTITY_35_E1_seed1,5,leaf_count,15.6,5.941380311005179,0.38085771224392173,11,26,15
ENTITY_35_E1_seed1,5,component_count,14.8,4.711687595755899,0.31835726998350666,7,19,12
ENTITY_35_E2_seed1,5,n_nodes,146.8,8.700574693662482,0.059268219984076845,138,158,20
ENTITY_35_E2_seed1,5,n_edges,154,4.527692569068709,0.02940060109784876,149,160,11
ENTITY_35_E2_seed1,5,F_prop,0.40233519217933555,0.014501338721415494,0.036042928889381654,0.379746835443038,0.41843971631205673,0.03869288086901873
ENTITY_35_E2_seed1,5,M_prop,0.26197500747085634,0.018226124743682483,0.06957199818272766,0.24113475177304963,0.2826086956521739,0.04147394387912426
ENTITY_35_E2_seed1,5,V_prop,0.2566004688956948,0.020257327619726626,0.07894501404033287,0.2318840579710145,0.2848101265822785,0.052926068611264004
ENTITY_35_E2_seed1,5,P_prop,0.07908933145411325,0.005247401647185477,0.06634778105603233,0.07142857142857142,0.0851063829787234,0.013677811550151978
ENTITY_35_E2_seed1,5,S_prop,0.7370885167729723,0.03964168524106143,0.05378144461484171,0.6845637583892618,0.7870967741935484,0.10253301580428664
ENTITY_35_E2_seed1,5,W_prop,0.033681746520780945,0.020085634949764137,0.5963359096409004,0.012903225806451613,0.057692307692307696,0.044789081885856084
ENTITY_35_E2_seed1,5,J_prop,0.11424316646404761,0.014317121037794053,0.1253214654401203,0.09333333333333334,0.12903225806451613,0.03569892473118279
ENTITY_35_E2_seed1,5,E_prop,0.11498657024219916,0.03753711873856608,0.32644785090555084,0.07096774193548387,0.16,0.08903225806451613
ENTITY_35_E2_seed1,5,Ext_prop,0.1452091677375346,0.08325278321774274,0.5733300762953345,0.09219858156028368,0.2911392405063291,0.19894065894604543
ENTITY_35_E2_seed1,5,Q0_prop,0.9059831646395893,0.006749796793751184,0.007450245277390262,0.8987341772151899,0.9155844155844156,0.016850238369225723
ENTITY_35_E2_seed1,5,Q1_prop,0.0940168353604108,0.0067497967937511765,0.07179349068574821,0.08441558441558442,0.10126582278481013,0.01685023836922571
ENTITY_35_E2_seed1,5,Q2_prop,0,0,0,0,0,0
ENTITY_35_E2_seed1,5,orphan_rate,0.005412400844431665,0.0030481559524019805,0.5631800082837464,0,0.007246376811594203,0.007246376811594203
ENTITY_35_E2_seed1,5,root_count,69.8,5.718391382198319,0.0819253779684573,64,79,15
ENTITY_35_E2_seed1,5,leaf_count,20.6,6.268971207462991,0.30431899065354323,12,29,17
ENTITY_35_E2_seed1,5,component_count,8.6,3.9115214431215892,0.45482807478158016,5,15,10
ENTITY_35_E3_seed1,5,n_nodes,142.2,0.8366600265340756,0.005883685137370433,141,143,2
ENTITY_35_E3_seed1,5,n_edges,129.6,4.878524367060187,0.037642934931019965,124,135,11
ENTITY_35_E3_seed1,5,F_prop,0.4585239453384494,0.006672405342130113,0.014551923427259666,0.4507042253521127,0.46808510638297873,0.017380881030866047
ENTITY_35_E3_seed1,5,M_prop,0.18005906789245116,0.02052581222801582,0.11399488216986571,0.15384615384615385,0.20279720279720279,0.04895104895104893
ENTITY_35_E3_seed1,5,V_prop,0.3065552367919764,0.024252321144718855,0.07911240205358522,0.2765957446808511,0.3356643356643357,0.0590685909834846
ENTITY_35_E3_seed1,5,P_prop,0.054861749977123064,0.0033160721554789598,0.06044415566148978,0.04895104895104895,0.05673758865248227,0.007786539701433316
ENTITY_35_E3_seed1,5,S_prop,0.717613477399208,0.018917242549537402,0.02636132562350658,0.696,0.7419354838709677,0.0459354838709678
ENTITY_35_E3_seed1,5,W_prop,0.08656486155057676,0.018184288288083227,0.21006546954919805,0.06666666666666667,0.10687022900763359,0.04020356234096692
ENTITY_35_E3_seed1,5,J_prop,0.12805160574423005,0.006638643871916825,0.05184350351042716,0.12096774193548387,0.136,0.015032258064516135
ENTITY_35_E3_seed1,5,E_prop,0.06777005530598501,0.008242165011101251,0.121619570382339,0.06015037593984962,0.08148148148148149,0.021331105541631867
ENTITY_35_E3_seed1,5,Ext_prop,0.2700340115383568,0.012432967850490164,0.046042229197947274,0.2535211267605634,0.2867132867132867,0.033192159952723344
ENTITY_35_E3_seed1,5,Q0_prop,0.9183966867215293,0.008358113657336299,0.009100766344413648,0.9078014184397163,0.9300699300699301,0.022268511630213816
ENTITY_35_E3_seed1,5,Q1_prop,0.0816033132784706,0.008358113657336274,0.10242370464559794,0.06993006993006994,0.09219858156028368,0.022268511630213747
ENTITY_35_E3_seed1,5,Q2_prop,0,0,0,0,0,0
ENTITY_35_E3_seed1,5,orphan_rate,0.03512304297440648,0.013961778729126443,0.3975105101030152,0.02112676056338028,0.04929577464788732,0.02816901408450704
ENTITY_35_E3_seed1,5,root_count,68,1.224744871391589,0.018010953991052778,66,69,3
ENTITY_35_E3_seed1,5,leaf_count,20,1.8708286933869707,0.09354143466934853,17,22,5
ENTITY_35_E3_seed1,5,component_count,17.6,4.560701700396552,0.25913077843162224,13,23,10
ENTITY_25_TMBA_seed1,5,n_nodes,177.4,7.635443667528429,0.04304083239869464,171,190,19
ENTITY_25_TMBA_seed1,5,n_edges,185.6,20.427922067601493,0.1100642352780253,164,210,46
ENTITY_25_TMBA_seed1,5,F_prop,0.37800676992550525,0.03816819136020829,0.10097224281917012,0.3368421052631579,0.43575418994413406,0.09891208468097618
ENTITY_25_TMBA_seed1,5,M_prop,0.13542193114354378,0.006634269819687081,0.04898962644872436,0.12631578947368421,0.14367816091954022,0.017362371445856006
ENTITY_25_TMBA_seed1,5,V_prop,0.25618570407610103,0.01402863791630967,0.05475964385640506,0.2471264367816092,0.2807017543859649,0.0335753176043557
ENTITY_25_TMBA_seed1,5,P_prop,0.23038559485484983,0.04127826909072812,0.1791703561880018,0.17318435754189945,0.2894736842105263,0.11628932666862687
ENTITY_25_TMBA_seed1,5,S_prop,0.6413403624142993,0.04376669879702298,0.06824254539705728,0.5914634146341463,0.6963350785340314,0.10487166389988511
ENTITY_25_TMBA_seed1,5,W_prop,0.08399683206732114,0.028025173320354285,0.3336455986565408,0.06282722513089005,0.12727272727272726,0.06444550214183721
ENTITY_25_TMBA_seed1,5,J_prop,0.1992678633388632,0.03345925405842916,0.1679109390636177,0.17073170731707318,0.2571428571428571,0.08641114982578393
ENTITY_25_TMBA_seed1,5,E_prop,0.07539494217951632,0.05231098654032511,0.6938262040943274,0.004761904761904762,0.1402439024390244,0.13548199767711963
ENTITY_25_TMBA_seed1,5,Ext_prop,0.011290070618989166,0.0004681382698821607,0.041464600681485775,0.010526315789473684,0.011695906432748537,0.0011695906432748534
ENTITY_25_TMBA_seed1,5,Q0_prop,0.9159672356563396,0.026684947228027195,0.02913308051778293,0.8770949720670391,0.9473684210526315,0.0702734489855924
ENTITY_25_TMBA_seed1,5,Q1_prop,0.08186281432895869,0.024169772402133704,0.2952472694746304,0.05263157894736842,0.11731843575418995,0.06468685680682153
ENTITY_25_TMBA_seed1,5,Q2_prop,0.0021699500147015585,0.0029735260157479296,1.3703200514307192,0,0.00558659217877095,0.00558659217877095
ENTITY_25_TMBA_seed1,5,orphan_rate,0.051169476229446106,0.028765332418284734,0.5621580390875951,0.028901734104046242,0.08947368421052632,0.060571950106480074
ENTITY_25_TMBA_seed1,5,root_count,77,5.744562646538029,0.07460470969529907,70,85,15
ENTITY_25_TMBA_seed1,5,leaf_count,43.8,4.266145801540309,0.09740058907626276,38,50,12
ENTITY_25_TMBA_seed1,5,component_count,19.4,6.06630035524124,0.3126958946000639,11,26,15
ENTITY_25_E1_seed1,5,n_nodes,204.4,5.549774770204643,0.027151539971646984,197,209,12
ENTITY_25_E1_seed1,5,n_edges,185,8.972179222463181,0.048498266067368546,173,193,20
ENTITY_25_E1_seed1,5,F_prop,0.37248332903310893,0.016460090049963662,0.044190138905520183,0.34517766497461927,0.3864734299516908,0.04129576497707155
ENTITY_25_E1_seed1,5,M_prop,0.18723569618052072,0.021019887672179206,0.11226431765400745,0.15942028985507245,0.20812182741116753,0.048701537556095076
ENTITY_25_E1_seed1,5,V_prop,0.3159664176525796,0.010509559684623268,0.03326163508990072,0.3,0.3253588516746411,0.025358851674641136
ENTITY_25_E1_seed1,5,P_prop,0.12431455713379072,0.004710619745063899,0.0378927444514338,0.11961722488038277,0.13043478260869565,0.010817557728312874
ENTITY_25_E1_seed1,5,S_prop,0.7360939350176767,0.03795827012686711,0.0515671551158149,0.6979166666666666,0.7772020725388601,0.07928540587219346
ENTITY_25_E1_seed1,5,W_prop,0.058175921535407196,0.026916637779967903,0.4626766034739273,0.028089887640449437,0.08854166666666667,0.060451779026217234
ENTITY_25_E1_seed1,5,J_prop,0.16053245896990692,0.014826716619368392,0.09235961820124973,0.14507772020725387,0.1791907514450867,0.034113031237832825
ENTITY_25_E1_seed1,5,E_prop,0.045197684477009004,0.028296272258369237,0.6260557943574052,0.010362694300518135,0.07936507936507936,0.06900238506456123
ENTITY_25_E1_seed1,5,Ext_prop,0.016658029023522872,0.002837118937765083,0.17031540368664116,0.014354066985645933,0.02030456852791878,0.005950501542272847
ENTITY_25_E1_seed1,5,Q0_prop,0.9320637289739265,0.021801924501908543,0.0233910234077121,0.9086294416243654,0.9565217391304348,0.04789229750606938
ENTITY_25_E1_seed1,5,Q1_prop,0.06793627102607344,0.021801924501908536,0.3209172975293436,0.043478260869565216,0.09137055837563451,0.0478922975060693
ENTITY_25_E1_seed1,5,Q2_prop,0,0,0,0,0,0
ENTITY_25_E1_seed1,5,orphan_rate,0.09098861326386329,0.01523061492429577,0.16739034015308712,0.07,0.1065989847715736,0.0365989847715736
ENTITY_25_E1_seed1,5,root_count,84.8,2.16794833886788,0.025565428524385377,82,87,5
ENTITY_25_E1_seed1,5,leaf_count,43.8,3.1937438845342627,0.07291652704416125,40,48,8
ENTITY_25_E1_seed1,5,component_count,34.8,5.06951674225463,0.14567576845559282,27,40,13
ENTITY_25_E2_seed1,5,n_nodes,243.6,12.541929676090518,0.05148575400693973,226,257,31
ENTITY_25_E2_seed1,5,n_edges,237,8.18535277187245,0.034537353467816244,224,244,20
ENTITY_25_E2_seed1,5,F_prop,0.433086835224342,0.012556863231349741,0.028993869612418947,0.41150442477876104,0.4444444444444444,0.032940019665683384
ENTITY_25_E2_seed1,5,M_prop,0.25266652883742335,0.020301332228897847,0.08034832441918181,0.22178988326848248,0.2743362831858407,0.05254639991735821
ENTITY_25_E2_seed1,5,V_prop,0.2239617766876009,0.011068464534199265,0.04942122132580869,0.21052631578947367,0.24124513618677043,0.03071882039729676
ENTITY_25_E2_seed1,5,P_prop,0.09028485925063379,0.007125803152761991,0.07892578237266255,0.08333333333333333,0.10116731517509728,0.01783398184176395
ENTITY_25_E2_seed1,5,S_prop,0.6313719564006341,0.04580393732232235,0.07254667689620613,0.5850622406639004,0.7053571428571429,0.12029490219324246
ENTITY_25_E2_seed1,5,W_prop,0.09985976778109037,0.03326219210866049,0.33308901920918627,0.05357142857142857,0.14107883817427386,0.08750740960284528
ENTITY_25_E2_seed1,5,J_prop,0.20855554722630867,0.04509430429056023,0.21622203240476412,0.15163934426229508,0.2606837606837607,0.10904441642146562
ENTITY_25_E2_seed1,5,E_prop,0.06021272859196686,0.04545563596860073,0.75491739091633,0.008547008547008548,0.12704918032786885,0.11850217178086031
ENTITY_25_E2_seed1,5,Ext_prop,0.06307699639859368,0.06215388624467514,0.9853653438396898,0.02654867256637168,0.17372881355932204,0.14718014099295035
ENTITY_25_E2_seed1,5,Q0_prop,0.9143897679637701,0.008479125347743982,0.00927298800228913,0.9067796610169492,0.9246031746031746,0.01782351358622547
ENTITY_25_E2_seed1,5,Q1_prop,0.0856102320362299,0.008479125347743963,0.09904336369694257,0.07539682539682539,0.09322033898305085,0.017823513586225456
ENTITY_25_E2_seed1,5,Q2_prop,0,0,0,0,0,0
ENTITY_25_E2_seed1,5,orphan_rate,0.02003127571538942,0.01653216895395387,0.8253178274238774,0.00423728813559322,0.042801556420233464,0.03856426828464024
ENTITY_25_E2_seed1,5,root_count,111,12.020815280171307,0.10829563315469647,95,124,29
ENTITY_25_E2_seed1,5,leaf_count,32.4,9.6591925128346,0.2981232257047716,24,48,24
ENTITY_25_E2_seed1,5,component_count,24,6.4031242374328485,0.2667968432263687,17,32,15
ENTITY_25_E3_seed1,5,n_nodes,207,3.24037034920393,0.015653963039632512,203,210,7
ENTITY_25_E3_seed1,5,n_edges,203.8,3.420526275297414,0.016783740310585937,200,209,9
ENTITY_25_E3_seed1,5,F_prop,0.4453816497725967,0.013251904119943439,0.029754041565721458,0.430622009569378,0.4666666666666667,0.03604465709728866
ENTITY_25_E3_seed1,5,M_prop,0.1614882448607227,0.014790894155644042,0.09159115060294705,0.14354066985645933,0.17733990147783252,0.03379923162137319
ENTITY_25_E3_seed1,5,V_prop,0.2607933996895244,0.023320245978882475,0.08942038413029364,0.23333333333333334,0.28708133971291866,0.05374800637958532
ENTITY_25_E3_seed1,5,P_prop,0.1323367056771562,0.005358905059520867,0.04049447227887217,0.12315270935960591,0.13725490196078433,0.014102192601178412
ENTITY_25_E3_seed1,5,S_prop,0.7053422904328411,0.03650751129627925,0.05175857422908246,0.6551724137931034,0.7376237623762376,0.08245134858313419
ENTITY_25_E3_seed1,5,W_prop,0.05981649087020541,0.0199649351325686,0.3337697488120811,0.045,0.09359605911330049,0.04859605911330049
ENTITY_25_E3_seed1,5,J_prop,0.16986764021514303,0.020591754213033008,0.12122234809969024,0.14146341463414633,0.19704433497536947,0.05558092034122314
ENTITY_25_E3_seed1,5,E_prop,0.06497357848181032,0.027459317751085743,0.4226228321220312,0.03349282296650718,0.095,0.06150717703349282
ENTITY_25_E3_seed1,5,Ext_prop,0.019327481528826677,0.00030424212869538836,0.01574142643683893,0.01904761904761905,0.019704433497536946,0.0006568144499178967
ENTITY_25_E3_seed1,5,Q0_prop,0.9449307206796265,0.005407932661947717,0.005723099634286572,0.937799043062201,0.9509803921568627,0.013181349094661732
ENTITY_25_E3_seed1,5,Q1_prop,0.05506927932037359,0.005407932661947736,0.09820235036101156,0.049019607843137254,0.06220095693779904,0.013181349094661787
ENTITY_25_E3_seed1,5,Q2_prop,0,0,0,0,0,0
ENTITY_25_E3_seed1,5,orphan_rate,0.053024461393202715,0.019280325623661155,0.36361190886387257,0.024509803921568627,0.07177033492822966,0.04726053100666104
ENTITY_25_E3_seed1,5,root_count,97.4,4.33589667773576,0.044516392995233675,92,102,10
ENTITY_25_E3_seed1,5,leaf_count,41.8,5.357238094391549,0.12816359077491746,36,48,12
ENTITY_25_E3_seed1,5,component_count,26.6,3.5071355833500366,0.13184720238158032,22,31,9
ENTITY_05_TMBA_seed1,5,n_nodes,212.6,2.6076809620810595,0.012265667742620223,211,217,6
ENTITY_05_TMBA_seed1,5,n_edges,202,3.24037034920393,0.016041437372296685,199,206,7
ENTITY_05_TMBA_seed1,5,F_prop,0.37342491477427986,0.0063772473436394745,0.01707772323518976,0.36492890995260663,0.3824884792626728,0.017559569310066192
ENTITY_05_TMBA_seed1,5,M_prop,0.16917617410112204,0.029164647530282823,0.17239216860909845,0.13744075829383887,0.20657276995305165,0.06913201165921279
ENTITY_05_TMBA_seed1,5,V_prop,0.27120414993656583,0.036592180752822806,0.13492485554288772,0.2347417840375587,0.3080568720379147,0.07331508800035602
ENTITY_05_TMBA_seed1,5,P_prop,0.18619476118803222,0.007448389016097682,0.040003214744456686,0.18009478672985782,0.19815668202764977,0.018061895297791952
ENTITY_05_TMBA_seed1,5,S_prop,0.6100948431477777,0.022237416703255148,0.03644911435166611,0.5922330097087378,0.6482412060301508,0.05600819632141296
ENTITY_05_TMBA_seed1,5,W_prop,0.02943141947007117,0.022658216582256505,0.769864892357559,0.005,0.05365853658536585,0.048658536585365855
ENTITY_05_TMBA_seed1,5,J_prop,0.24857485509479674,0.012188453581402265,0.04903333274298426,0.23300970873786409,0.265,0.03199029126213593
ENTITY_05_TMBA_seed1,5,E_prop,0.11189888228735438,0.01948074880185394,0.17409243420169038,0.09045226130653267,0.135,0.04454773869346734
ENTITY_05_TMBA_seed1,5,Ext_prop,0,0,0,0,0,0
ENTITY_05_TMBA_seed1,5,Q0_prop,0.9454365903928899,0.006272161927385165,0.006634143411752952,0.9342723004694836,0.9493087557603687,0.015036455290885042
ENTITY_05_TMBA_seed1,5,Q1_prop,0.05362444247095988,0.004188204664992115,0.07810253071181528,0.05069124423963134,0.06103286384976526,0.010341619610133919
ENTITY_05_TMBA_seed1,5,Q2_prop,0.0009389671361502347,0.0020995943450702248,2.2360679774997894,0,0.004694835680751174,0.004694835680751174
ENTITY_05_TMBA_seed1,5,orphan_rate,0.09682283683244039,0.02695769862842031,0.27842293729807516,0.052132701421800945,0.12322274881516587,0.07109004739336493
ENTITY_05_TMBA_seed1,5,root_count,94.6,9.685040010242602,0.10237885845922413,85,108,23
ENTITY_05_TMBA_seed1,5,leaf_count,30.8,5.805170109479997,0.1884795490090908,24,37,13
ENTITY_05_TMBA_seed1,5,component_count,31,5.1478150704935,0.16605855066108066,23,37,14
ENTITY_05_E1_seed1,5,n_nodes,180.2,4.816637831516918,0.02672939973094849,174,187,13
ENTITY_05_E1_seed1,5,n_edges,176.6,9.989994994993742,0.056568488080372265,163,190,27
ENTITY_05_E1_seed1,5,F_prop,0.37468606588464376,0.024455943844847842,0.06527049194398706,0.34831460674157305,0.4117647058823529,0.06345009914077987
ENTITY_05_E1_seed1,5,M_prop,0.2433894990808636,0.019364516297351864,0.07956183964583537,0.2192513368983957,0.2640449438202247,0.04479360692182899
ENTITY_05_E1_seed1,5,V_prop,0.2919600120158499,0.01451177235894792,0.049704657356159115,0.2802197802197802,0.31666666666666665,0.03644688644688643
ENTITY_05_E1_seed1,5,P_prop,0.08996442301864278,0.003854152219342867,0.04284084852680258,0.0855614973262032,0.09550561797752809,0.009944120651324884
ENTITY_05_E1_seed1,5,S_prop,0.612866643509259,0.100228405817471,0.1635403180756676,0.4785276073619632,0.7368421052631579,0.25831449790119465
ENTITY_05_E1_seed1,5,W_prop,0.08444260259525149,0.02880288654015266,0.3410942540249505,0.042105263157894736,0.12222222222222222,0.08011695906432748
ENTITY_05_E1_seed1,5,J_prop,0.19941105046330238,0.03862451231264642,0.19369293839487844,0.1631578947368421,0.25153374233128833,0.08837584759444622
ENTITY_05_E1_seed1,5,E_prop,0.10327970343218713,0.06594784427627888,0.6385363443610182,0.03333333333333333,0.17791411042944785,0.14458077709611453
ENTITY_05_E1_seed1,5,Ext_prop,0.02891218388517657,0.0031541312943672325,0.10909349867494349,0.026737967914438502,0.034482758620689655,0.007744790706251153
ENTITY_05_E1_seed1,5,Q0_prop,0.8915731379103988,0.01797331091729344,0.02015909873576711,0.8609625668449198,0.9044943820224719,0.04353181517755211
ENTITY_05_E1_seed1,5,Q1_prop,0.10401152564518337,0.018596768494800724,0.17879526696147366,0.08888888888888889,0.13368983957219252,0.04480095068330363
ENTITY_05_E1_seed1,5,Q2_prop,0.00441533644441774,0.004640561366103891,1.0510096851103838,0,0.011111111111111112,0.011111111111111112
ENTITY_05_E1_seed1,5,orphan_rate,0.049770003707146175,0.01978865505270508,0.3976020409631544,0.016853932584269662,0.06951871657754011,0.052664783993270445
ENTITY_05_E1_seed1,5,root_count,94.8,6.300793600809346,0.06646406751908593,86,101,15
ENTITY_05_E1_seed1,5,leaf_count,26.6,3.361547262794322,0.12637395724790684,23,31,8
ENTITY_05_E1_seed1,5,component_count,21.8,3.7682887362833544,0.1728572814808878,16,26,10
ENTITY_05_E2_seed1,5,n_nodes,161.8,3.271085446759225,0.020216844541157138,158,165,7
ENTITY_05_E2_seed1,5,n_edges,160.4,9.91463564635635,0.0618119429323962,145,172,27
ENTITY_05_E2_seed1,5,F_prop,0.4783158228250179,0.012745689270758422,0.026647015763518182,0.4591194968553459,0.4909090909090909,0.031789594053744985
ENTITY_05_E2_seed1,5,M_prop,0.20642412233686813,0.011828448784106457,0.057301678942363855,0.19393939393939394,0.22424242424242424,0.030303030303030304
ENTITY_05_E2_seed1,5,V_prop,0.23488762314651973,0.020668732438031225,0.08799413166669215,0.20606060606060606,0.2545454545454545,0.048484848484848464
ENTITY_05_E2_seed1,5,P_prop,0.08037243169159417,0.0016277694886997404,0.02025283364507164,0.07878787878787878,0.08227848101265822,0.0034906022247794405
ENTITY_05_E2_seed1,5,S_prop,0.6606759556268377,0.020347395082001285,0.03079784409998096,0.63125,0.6875,0.05625000000000002
ENTITY_05_E2_seed1,5,W_prop,0.05952920342154504,0.007360947253703429,0.1236527087651122,0.04827586206896552,0.06666666666666667,0.01839080459770115
ENTITY_05_E2_seed1,5,J_prop,0.1671274088114505,0.013085992950995476,0.07829950242188466,0.15151515151515152,0.1875,0.03598484848484848
ENTITY_05_E2_seed1,5,E_prop,0.1126674321401667,0.03285677883503892,0.29162623316170583,0.0625,0.15,0.0875
ENTITY_05_E2_seed1,5,Ext_prop,0.026024772845885814,0.010379891382762053,0.39884656992896605,0.01818181818181818,0.03773584905660377,0.01955403087478559
ENTITY_05_E2_seed1,5,Q0_prop,0.9048906012061811,0.014282692560054697,0.015783888727561618,0.8909090909090909,0.9245283018867925,0.0336192109777016
ENTITY_05_E2_seed1,5,Q1_prop,0.09510939879381883,0.01428269256005469,0.15017120012520702,0.07547169811320754,0.10909090909090909,0.03361921097770154
ENTITY_05_E2_seed1,5,Q2_prop,0,0,0,0,0,0
ENTITY_05_E2_seed1,5,orphan_rate,0.04675500594137645,0.03226739317694148,0.690137719528895,0.024691358024691357,0.10303030303030303,0.07833894500561167
ENTITY_05_E2_seed1,5,root_count,80.2,6.340346993658944,0.07905669568153297,74,88,14
ENTITY_05_E2_seed1,5,leaf_count,27.4,2.302172886644268,0.08402090827168861,25,30,5
ENTITY_05_E2_seed1,5,component_count,21,6.363961030678928,0.30304576336566325,15,30,15
ENTITY_05_E3_seed1,5,n_nodes,176.8,3.1144823004794873,0.017615850115834202,174,182,8
ENTITY_05_E3_seed1,5,n_edges,166,7.905694150420948,0.0476246635567527,159,176,17
ENTITY_05_E3_seed1,5,F_prop,0.37221406442768223,0.004372354497387085,0.011746881472923474,0.36813186813186816,0.3793103448275862,0.011178476695718031
ENTITY_05_E3_seed1,5,M_prop,0.2513343328208904,0.014935670984515871,0.059425510302882296,0.22527472527472528,0.26285714285714284,0.037582417582417565
ENTITY_05_E3_seed1,5,V_prop,0.3017742805606628,0.01932660695002837,0.06404325416374683,0.28735632183908044,0.33516483516483514,0.0478085133257547
ENTITY_05_E3_seed1,5,P_prop,0.07467732219076463,0.0027792167741678884,0.03721634215898002,0.07142857142857142,0.07909604519774012,0.007667473769168695
ENTITY_05_E3_seed1,5,S_prop,0.7023870572155555,0.06306272707243664,0.08978344123030063,0.6125,0.7840909090909091,0.17159090909090902
ENTITY_05_E3_seed1,5,W_prop,0.07548265308408182,0.014180108896493042,0.18785917448738187,0.05660377358490566,0.09659090909090909,0.03998713550600343
ENTITY_05_E3_seed1,5,J_prop,0.1236280379319424,0.025268205679970845,0.20438895660449669,0.09090909090909091,0.15723270440251572,0.0663236134934248
ENTITY_05_E3_seed1,5,E_prop,0.09850225176842037,0.05745247417885893,0.5832605158502385,0.028409090909090908,0.175,0.14659090909090908
ENTITY_05_E3_seed1,5,Ext_prop,0.007928864920390345,0.01103315405791357,1.391517470494427,0,0.022598870056497175,0.022598870056497175
ENTITY_05_E3_seed1,5,Q0_prop,0.9115330204570414,0.017487085324443558,0.01918425875090686,0.896551724137931,0.9395604395604396,0.0430087154225085
ENTITY_05_E3_seed1,5,Q1_prop,0.0873175542556022,0.01641201826510167,0.1879578328208694,0.06043956043956044,0.10227272727272728,0.04183316683316684
ENTITY_05_E3_seed1,5,Q2_prop,0.0011494252873563218,0.002570193077585965,2.23606797749979,0,0.005747126436781609,0.005747126436781609
ENTITY_05_E3_seed1,5,orphan_rate,0.05185453694951066,0.02152336638685189,0.41507200050419124,0.022598870056497175,0.08241758241758242,0.05981871236108524
ENTITY_05_E3_seed1,5,root_count,79.2,3.5637059362410923,0.04499628707375116,76,83,7
ENTITY_05_E3_seed1,5,leaf_count,17,5.244044240850758,0.3084731906382799,11,23,12
ENTITY_05_E3_seed1,5,component_count,21,6.519202405202649,0.31043820977155473,13,30,17
ROK_Human,5,n_nodes,74.2,1.0954451150103321,0.014763411253508519,73,75,2
ROK_Human,5,n_edges,68,2.345207879911715,0.03448835117517228,65,70,5
ROK_Human,5,F_prop,0.488365296803653,0.05297250807767127,0.10846902600241236,0.44,0.5753424657534246,0.13534246575342462
ROK_Human,5,M_prop,0.19137899543378994,0.010892799102521842,0.05691742230035034,0.17333333333333334,0.2,0.026666666666666672
ROK_Human,5,V_prop,0.24485844748858449,0.041196953358651464,0.1682480379222861,0.1780821917808219,0.28,0.10191780821917812
ROK_Human,5,P_prop,0.07539726027397262,0.011556318971146583,0.15327239914493104,0.0547945205479452,0.0821917808219178,0.0273972602739726
ROK_Human,5,S_prop,0.7775282688326167,0.049518949765106866,0.06368765194795395,0.7246376811594203,0.8333333333333334,0.10869565217391308
ROK_Human,5,W_prop,0.0821717413021761,0.011105529815039275,0.1351502309559208,0.07246376811594203,0.1,0.027536231884057974
ROK_Human,5,J_prop,0.06736133431785606,0.018296397982370982,0.2716157298196659,0.045454545454545456,0.08695652173913043,0.04150197628458498
ROK_Human,5,E_prop,0.07293865554735121,0.029527908532054236,0.4048320922625856,0.045454545454545456,0.11594202898550725,0.07048748353096179
ROK_Human,5,Ext_prop,0.26677625570776253,0.008053738321085288,0.030189112219596026,0.2602739726027397,0.28,0.019726027397260315
ROK_Human,5,Q0_prop,0.9757077625570776,0.006137095019693679,0.006289890534036484,0.9726027397260274,0.9866666666666667,0.014063926940639293
ROK_Human,5,Q1_prop,0.024292237442922377,0.006137095019693678,0.25263605438212694,0.013333333333333334,0.0273972602739726,0.014063926940639267
ROK_Human,5,Q2_prop,0,0,0,0,0,0
ROK_Human,5,orphan_rate,0.01888584474885845,0.007442334066448716,0.3940694295339141,0.013333333333333334,0.0273972602739726,0.014063926940639267
ROK_Human,5,root_count,42.2,1.6431676725154982,0.0389376225714573,40,44,4
ROK_Human,5,leaf_count,8,1.8708286933869707,0.23385358667337133,6,10,4
ROK_Human,5,component_count,7.2,1.6431676725154984,0.22821773229381923,6,9,3
ROK_Claude_T2_#1,5,n_nodes,144.2,5.167204273105525,0.03583359412694539,138,150,12
ROK_Claude_T2_#1,5,n_edges,148.4,11.260550608207398,0.07587972107956467,130,160,30
ROK_Claude_T2_#1,5,F_prop,0.317526218280454,0.007145637326378482,0.022504086009260252,0.3049645390070922,0.3221476510067114,0.017183111999619194
ROK_Claude_T2_#1,5,M_prop,0.16065323910103477,0.010955356898149325,0.06819256779042908,0.14685314685314685,0.17333333333333334,0.02648018648018649
ROK_Claude_T2_#1,5,V_prop,0.3513595979750733,0.01987948294553997,0.056578738876375566,0.3221476510067114,0.3706293706293706,0.048481719622659236
ROK_Claude_T2_#1,5,P_prop,0.17046094464343783,0.010322708864674526,0.060557618557535754,0.16083916083916083,0.18791946308724833,0.027080302248087496
ROK_Claude_T2_#1,5,S_prop,0.5521904086904087,0.02062937172423377,0.037359163432698884,0.5307692307692308,0.581081081081081,0.05031185031185026
ROK_Claude_T2_#1,5,W_prop,0.08322347022347024,0.03741352361414177,0.4495549574378432,0.025,0.11688311688311688,0.09188311688311687
ROK_Claude_T2_#1,5,J_prop,0.24127502227502226,0.0249014592135336,0.10320777915067049,0.21428571428571427,0.275,0.06071428571428575
ROK_Claude_T2_#1,5,E_prop,0.12331109881109883,0.023547462206157152,0.1909597954538519,0.1038961038961039,0.1625,0.0586038961038961
ROK_Claude_T2_#1,5,Ext_prop,0.04440336318820695,0.0037594631611552747,0.08466618046972052,0.040268456375838924,0.04964539007092199,0.009376933695083065
ROK_Claude_T2_#1,5,Q0_prop,0.8958524405436226,0.015026578997999454,0.016773497864091325,0.8811188811188811,0.9194630872483222,0.038344206129441005
ROK_Claude_T2_#1,5,Q1_prop,0.10414755945637741,0.015026578997999467,0.14428162384634088,0.08053691275167785,0.11888111888111888,0.03834420612944103
ROK_Claude_T2_#1,5,Q2_prop,0,0,0,0,0,0
ROK_Claude_T2_#1,5,orphan_rate,0.012490907536608446,0.0058423745051259185,0.4677301859775235,0.006711409395973154,0.02097902097902098,0.014267611583047825
ROK_Claude_T2_#1,5,root_count,55.4,3.5071355833500366,0.06330569645036167,51,60,9
ROK_Claude_T2_#1,5,leaf_count,35.4,5.594640292279745,0.15804068622259168,30,44,14
ROK_Claude_T2_#1,5,component_count,13.6,2.701851217221259,0.19866553067803377,11,18,7
ENTITY_13_E2_seed1,5,n_nodes,188.6,4.979959839195494,0.026404877196158503,184,197,13
ENTITY_13_E2_seed1,5,n_edges,185,9.055385138137417,0.04894802777371577,175,198,23
ENTITY_13_E2_seed1,5,F_prop,0.42521121054222616,0.02097471371160809,0.04932775334136015,0.40217391304347827,0.4521276595744681,0.04995374653098983
ENTITY_13_E2_seed1,5,M_prop,0.18165726298120358,0.03190293519583164,0.1756215780875918,0.15425531914893617,0.23369565217391305,0.07944033302497688
ENTITY_13_E2_seed1,5,V_prop,0.28291529750490796,0.01879685422590287,0.06643986518819042,0.25268817204301075,0.29949238578680204,0.04680421374379129
ENTITY_13_E2_seed1,5,P_prop,0.11021622897166225,0.02064429807121558,0.18730724380457117,0.08152173913043478,0.13829787234042554,0.05677613320999075
ENTITY_13_E2_seed1,5,S_prop,0.6532433064012011,0.03326696208299062,0.050925836907939344,0.6277777777777778,0.696969696969697,0.06919191919191925
ENTITY_13_E2_seed1,5,W_prop,0.08451811346548188,0.03262375536616372,0.385997202593591,0.05714285714285714,0.1388888888888889,0.08174603174603176
ENTITY_13_E2_seed1,5,J_prop,0.16665678181467652,0.024029422457861636,0.14418508623658963,0.13157894736842105,0.18888888888888888,0.05730994152046784
ENTITY_13_E2_seed1,5,E_prop,0.09558179831864042,0.05379843026598672,0.5628522502437048,0.044444444444444446,0.16,0.11555555555555555
ENTITY_13_E2_seed1,5,Ext_prop,0.02540169652099487,0.003947115233604265,0.15538785885194387,0.02127659574468085,0.030456852791878174,0.009180257047197323
ENTITY_13_E2_seed1,5,Q0_prop,0.9269102245942831,0.01514052318457887,0.016334400875992076,0.9042553191489362,0.9414893617021277,0.037234042553191515
ENTITY_13_E2_seed1,5,Q1_prop,0.07308977540571697,0.015140523184578876,0.20714967450008895,0.05851063829787234,0.09574468085106383,0.03723404255319149
ENTITY_13_E2_seed1,5,Q2_prop,0,0,0,0,0,0
ENTITY_13_E2_seed1,5,orphan_rate,0.038964604192648106,0.02634178180621871,0.6760438698666138,0.005434782608695652,0.06382978723404255,0.0583950046253469
ENTITY_13_E2_seed1,5,root_count,89.8,5.585696017507577,0.062201514671576585,80,94,14
ENTITY_13_E2_seed1,5,leaf_count,34.8,3.7013511046643495,0.10636066392713649,30,39,9
ENTITY_13_E2_seed1,5,component_count,18.8,8.408329203831164,0.44725155339527467,10,28,18
ENTITY_13_E3_seed1,5,n_nodes,184.6,5.856620185738529,0.031726003173014786,179,194,15
ENTITY_13_E3_seed1,5,n_edges,184.4,2.9664793948382653,0.01608719845356977,180,187,7
ENTITY_13_E3_seed1,5,F_prop,0.3846721166239291,0.021476342725934048,0.05583025594477955,0.3551912568306011,0.4143646408839779,0.0591733840533768
ENTITY_13_E3_seed1,5,M_prop,0.21877466328821815,0.011073473902134883,0.050615888218950036,0.20441988950276244,0.22950819672131148,0.025088307218549044
ENTITY_13_E3_seed1,5,V_prop,0.3097370373301891,0.014705888434419521,0.047478624323324295,0.287292817679558,0.32786885245901637,0.04057603477945837
ENTITY_13_E3_seed1,5,P_prop,0.08681618275766359,0.006088900789869667,0.07013555072867077,0.07731958762886598,0.09392265193370165,0.01660306430483567
ENTITY_13_E3_seed1,5,S_prop,0.6454670845124075,0.07549685432027985,0.11696468515867225,0.5245901639344263,0.7277777777777777,0.2031876138433515
ENTITY_13_E3_seed1,5,W_prop,0.1636994906715254,0.04506566715680355,0.2752950969605092,0.11666666666666667,0.22950819672131148,0.11284153005464481
ENTITY_13_E3_seed1,5,J_prop,0.13340356837946038,0.025685914101069508,0.19254293129556396,0.10810810810810811,0.17486338797814208,0.06675527987003396
ENTITY_13_E3_seed1,5,E_prop,0.057429856436606676,0.013984747121264077,0.24351004841359805,0.03888888888888889,0.07103825136612021,0.032149362477231325
ENTITY_13_E3_seed1,5,Ext_prop,0.02271646238930768,0.0017367437010674567,0.07645308813069933,0.021505376344086023,0.02577319587628866,0.004267819532202635
ENTITY_13_E3_seed1,5,Q0_prop,0.9532424194392967,0.011811807138526718,0.012391189164110531,0.9408602150537635,0.9690721649484536,0.028211949894690114
ENTITY_13_E3_seed1,5,Q1_prop,0.04675758056070324,0.011811807138526722,0.2526180139537372,0.030927835051546393,0.05913978494623656,0.02821194989469017
ENTITY_13_E3_seed1,5,Q2_prop,0,0,0,0,0,0
ENTITY_13_E3_seed1,5,orphan_rate,0.014034795341779224,0.009165561177160926,0.6530598383488068,0,0.022099447513812154,0.022099447513812154
ENTITY_13_E3_seed1,5,root_count,93.4,5.770615218501403,0.06178388884905142,85,100,15
ENTITY_13_E3_seed1,5,leaf_count,25.2,3.271085446759225,0.129804978046001,21,29,8
ENTITY_13_E3_seed1,5,component_count,12.4,3.714835124201342,0.29958347775817273,7,17,10
ENTITY_18_TMBA_seed1,5,n_nodes,146,5.522680508593631,0.037826578825983774,140,151,11
ENTITY_18_TMBA_seed1,5,n_edges,139.4,10.285912696499032,0.07378703512553107,128,150,22
ENTITY_18_TMBA_seed1,5,F_prop,0.3779003214957702,0.031230643144032923,0.08264254187564242,0.35333333333333333,0.4304635761589404,0.07713024282560704
ENTITY_18_TMBA_seed1,5,M_prop,0.18917266587509712,0.015765647199635566,0.08333998533405967,0.16556291390728478,0.20666666666666667,0.041103752759381884
ENTITY_18_TMBA_seed1,5,V_prop,0.2820672622486925,0.020814398193836615,0.07379232183097172,0.2582781456953642,0.3087248322147651,0.050446686519400874
ENTITY_18_TMBA_seed1,5,P_prop,0.15085975038044017,0.005777190761176761,0.03829511017092208,0.1456953642384106,0.15714285714285714,0.011447492904446549
ENTITY_18_TMBA_seed1,5,S_prop,0.5976917161418001,0.03496763978080032,0.058504474524964614,0.5666666666666667,0.65,0.08333333333333337
ENTITY_18_TMBA_seed1,5,W_prop,0.03641928485384861,0.021803709859807407,0.5986858321712294,0.015384615384615385,0.07333333333333333,0.05794871794871795
ENTITY_18_TMBA_seed1,5,J_prop,0.17473557845957174,0.026821245978018587,0.15349619244385407,0.14285714285714285,0.203125,0.06026785714285715
ENTITY_18_TMBA_seed1,5,E_prop,0.19115342054477963,0.028880998803143126,0.1510880564984578,0.16923076923076924,0.24161073825503357,0.07237996902426433
ENTITY_18_TMBA_seed1,5,Ext_prop,0.0068572613809291,0.00026259958005348904,0.03829511017092206,0.006622516556291391,0.007142857142857143,0.0005203405865657519
ENTITY_18_TMBA_seed1,5,Q0_prop,0.8917035593116308,0.005993033556317263,0.006720881052604198,0.8857142857142857,0.9006622516556292,0.01494796594134351
ENTITY_18_TMBA_seed1,5,Q1_prop,0.10829644068836922,0.005993033556317242,0.05533915536118705,0.09933774834437085,0.11428571428571428,0.014947965941343427
ENTITY_18_TMBA_seed1,5,Q2_prop,0,0,0,0,0,0
ENTITY_18_TMBA_seed1,5,orphan_rate,0.044935313527162055,0.02617557636247964,0.5825168293675593,0.007142857142857143,0.07333333333333333,0.06619047619047619
ENTITY_18_TMBA_seed1,5,root_count,56,3.082207001484488,0.05503941074079443,52,59,7
ENTITY_18_TMBA_seed1,5,leaf_count,33.6,3.2093613071762426,0.0955167055707215,31,38,7
ENTITY_18_TMBA_seed1,5,component_count,18.4,5.412947441089743,0.2941819261461817,11,26,15
ENTITY_18_E1_seed1,5,n_nodes,149,3.5355339059327378,0.023728415476058643,145,154,9
ENTITY_18_E1_seed1,5,n_edges,146.2,14.307340773183535,0.0978614279971514,125,165,40
ENTITY_18_E1_seed1,5,F_prop,0.4028399403703616,0.011643804187459812,0.028904294288085663,0.3918918918918919,0.4206896551724138,0.028797763280521915
ENTITY_18_E1_seed1,5,M_prop,0.14907579915539987,0.013623780179035757,0.09138827533524761,0.1360544217687075,0.16891891891891891,0.03286449715021142
ENTITY_18_E1_seed1,5,V_prop,0.30172777316776267,0.019069721038391635,0.0632017425448891,0.27586206896551724,0.3246753246753247,0.048813255709807435
ENTITY_18_E1_seed1,5,P_prop,0.14635648730647588,0.0038403640357119627,0.02623979371457651,0.14285714285714285,0.15172413793103448,0.008866995073891631
ENTITY_18_E1_seed1,5,S_prop,0.6205577481691575,0.025078650858053452,0.04041308150940575,0.5838926174496645,0.6486486486486487,0.06475603119898421
ENTITY_18_E1_seed1,5,W_prop,0.09309377137967742,0.042107175680058735,0.4523092689877942,0.048,0.1610738255033557,0.1130738255033557
ENTITY_18_E1_seed1,5,J_prop,0.11747113580939086,0.009530940730850335,0.08113432006237922,0.1111111111111111,0.1342281879194631,0.023117076808351983
ENTITY_18_E1_seed1,5,E_prop,0.16887734464177417,0.04007794336290004,0.23731983379957883,0.12080536912751678,0.232,0.11119463087248323
ENTITY_18_E1_seed1,5,Ext_prop,0.07119920531984605,0.014953113183249038,0.21001797865686303,0.052980132450331126,0.0945945945945946,0.041614462144263474
ENTITY_18_E1_seed1,5,Q0_prop,0.8721665331869879,0.030951776382627826,0.03548837888737463,0.8503401360544217,0.922077922077922,0.07173778602350034
ENTITY_18_E1_seed1,5,Q1_prop,0.12783346681301205,0.030951776382627826,0.24212576842574743,0.07792207792207792,0.14965986394557823,0.07173778602350031
ENTITY_18_E1_seed1,5,Q2_prop,0,0,0,0,0,0
ENTITY_18_E1_seed1,5,orphan_rate,0.04674604994638922,0.03045108402166053,0.6514151261247401,0.02040816326530612,0.09933774834437085,0.07892958507906474
ENTITY_18_E1_seed1,5,root_count,73,3.6742346141747673,0.0503319810160927,67,76,9
ENTITY_18_E1_seed1,5,leaf_count,24.4,4.219004621945797,0.17291002548958187,21,31,10
ENTITY_18_E1_seed1,5,component_count,15.6,8.142481194328914,0.5219539227133919,11,30,19
ENTITY_18_E2_seed1,5,n_nodes,204.4,10.597169433391164,0.05184525163107223,194,222,28
ENTITY_18_E2_seed1,5,n_edges,191.6,11.148990985734986,0.058188888234524984,180,206,26
ENTITY_18_E2_seed1,5,F_prop,0.3403327126472714,0.011296688643250941,0.03319307319998677,0.325,0.35135135135135137,0.02635135135135136
ENTITY_18_E2_seed1,5,M_prop,0.21148762558301737,0.010862219417273377,0.05136101645346394,0.19900497512437812,0.22439024390243903,0.02538526877806091
ENTITY_18_E2_seed1,5,V_prop,0.32401603644108123,0.014181113775804695,0.04376670343717193,0.31443298969072164,0.3482587064676617,0.033825716776940074
ENTITY_18_E2_seed1,5,P_prop,0.12416362532863008,0.006103855968397254,0.049159775676989724,0.11707317073170732,0.13063063063063063,0.013557459898923305
ENTITY_18_E2_seed1,5,S_prop,0.5955643663248541,0.04749581258425465,0.07974925175148538,0.5248618784530387,0.6565656565656566,0.1317037781126179
ENTITY_18_E2_seed1,5,W_prop,0.08852259484800168,0.02875854910264819,0.32487241423535146,0.043689320388349516,0.11602209944751381,0.0723327790591643
ENTITY_18_E2_seed1,5,J_prop,0.21290412733967784,0.008510985774971752,0.03997567300042475,0.2,0.22099447513812154,0.020994475138121527
ENTITY_18_E2_seed1,5,E_prop,0.10300891148746642,0.05100158246998783,0.4951181575799239,0.015151515151515152,0.13812154696132597,0.12297003180981082
ENTITY_18_E2_seed1,5,Ext_prop,0.026393802619736062,0.004006759593651456,0.15180683326984443,0.01990049751243781,0.03,0.010099502487562188
ENTITY_18_E2_seed1,5,Q0_prop,0.9119554443901567,0.007862767739476056,0.008621877075073607,0.9024390243902439,0.9203980099502488,0.01795898556000486
ENTITY_18_E2_seed1,5,Q1_prop,0.08804455560984333,0.007862767739476072,0.08930441734885672,0.07960199004975124,0.0975609756097561,0.01795898556000486
ENTITY_18_E2_seed1,5,Q2_prop,0,0,0,0,0,0
ENTITY_18_E2_seed1,5,orphan_rate,0.10086004864801976,0.024109973334364196,0.2390438400292955,0.075,0.13930348258706468,0.06430348258706468
ENTITY_18_E2_seed1,5,root_count,85,7.582875444051551,0.08921029934178296,75,93,18
ENTITY_18_E2_seed1,5,leaf_count,35,2.9154759474226504,0.08329931278350429,33,40,7
ENTITY_18_E2_seed1,5,component_count,34.2,8.28854631404084,0.24235515538131108,24,47,23
ENTITY_18_E3_seed1,5,n_nodes,147,1.8708286933869707,0.012726725805353542,144,149,5
ENTITY_18_E3_seed1,5,n_edges,147.8,5.403702434442518,0.036560909569976444,142,156,14
ENTITY_18_E3_seed1,5,F_prop,0.4532041972118674,0.026839597880590732,0.05922186521155176,0.42567567567567566,0.4897959183673469,0.06412024269167127
ENTITY_18_E3_seed1,5,M_prop,0.2244918164980485,0.007825608776971454,0.03485921624692934,0.21621621621621623,0.2348993288590604,0.01868311264284417
ENTITY_18_E3_seed1,5,V_prop,0.24075412044012237,0.007821927874971933,0.0324892793555212,0.22916666666666666,0.25,0.020833333333333343
ENTITY_18_E3_seed1,5,P_prop,0.08154986584996173,0.02107254618918177,0.25840074621277453,0.05442176870748299,0.10810810810810811,0.05368633940062512
ENTITY_18_E3_seed1,5,S_prop,0.646260251959042,0.03260173360044609,0.050446756552981205,0.6089743589743589,0.6875,0.07852564102564108
ENTITY_18_E3_seed1,5,W_prop,0.10277057526088625,0.004579602788930711,0.044561420205202214,0.09722222222222222,0.10897435897435898,0.011752136752136752
ENTITY_18_E3_seed1,5,J_prop,0.14362572833364023,0.025496569972643168,0.17752090985686805,0.11538461538461539,0.18120805369127516,0.06582343830665977
ENTITY_18_E3_seed1,5,E_prop,0.10734344444643149,0.03368618316604508,0.31381686454877816,0.08450704225352113,0.16666666666666666,0.08215962441314553
ENTITY_18_E3_seed1,5,Ext_prop,0.02717678128751954,0.011624192483325854,0.42772513640767534,0.020134228187919462,0.0472972972972973,0.027163069109377838
ENTITY_18_E3_seed1,5,Q0_prop,0.9253195035194077,0.017342725125564947,0.018742418223762426,0.9054054054054054,0.9513888888888888,0.04598348348348347
ENTITY_18_E3_seed1,5,Q1_prop,0.07468049648059236,0.017342725125564958,0.23222562707616587,0.04861111111111111,0.0945945945945946,0.04598348348348349
ENTITY_18_E3_seed1,5,Q2_prop,0,0,0,0,0,0
ENTITY_18_E3_seed1,5,orphan_rate,0.03671986601037416,0.009050304295658406,0.2464688812617535,0.026845637583892617,0.047619047619047616,0.020773410035155
ENTITY_18_E3_seed1,5,root_count,58.2,5.019960159204454,0.0862536109828944,50,62,12
ENTITY_18_E3_seed1,5,leaf_count,33,5.338539126015656,0.16177391290956533,24,37,13
ENTITY_18_E3_seed1,5,component_count,14.4,2.073644135332772,0.14400306495366472,11,16,5
Tesla Human (MBA) — reliability anchor,5,n_nodes,113.4,1.9493588689617927,0.017190113482908224,112,116,4
Tesla Human (MBA) — reliability anchor,5,n_edges,116.4,2.073644135332772,0.017814812159216254,114,119,5
Tesla Human (MBA) — reliability anchor,5,F_prop,0.507919254658385,0.016700669697649457,0.032880560334106544,0.48214285714285715,0.5217391304347826,0.03959627329192544
Tesla Human (MBA) — reliability anchor,5,M_prop,0.15530413364746198,0.007421844290553425,0.047789096891657105,0.14655172413793102,0.16071428571428573,0.014162561576354704
Tesla Human (MBA) — reliability anchor,5,V_prop,0.22211126579567358,0.018127497208517775,0.08161448787200992,0.20535714285714285,0.2413793103448276,0.03602216748768475
Tesla Human (MBA) — reliability anchor,5,P_prop,0.11466534589847935,0.001955942941876595,0.017057838412734724,0.11206896551724138,0.11607142857142858,0.004002463054187194
Tesla Human (MBA) — reliability anchor,5,S_prop,0.6956878612096136,0.04069929634732588,0.05850223730591012,0.6347826086956522,0.7394957983193278,0.1047131896236756
Tesla Human (MBA) — reliability anchor,5,W_prop,0.04992271819622089,0.016820054120755712,0.33692184096716465,0.025423728813559324,0.06956521739130435,0.044141488577745025
Tesla Human (MBA) — reliability anchor,5,J_prop,0.1611456555172814,0.03766373727610567,0.2337248072571623,0.11403508771929824,0.211864406779661,0.09782931906036277
Tesla Human (MBA) — reliability anchor,5,E_prop,0.09324376507688403,0.04611952905256011,0.4946124710272296,0.05042016806722689,0.1565217391304348,0.1061015710632079
Tesla Human (MBA) — reliability anchor,5,Ext_prop,0.581807667594774,0.01613318434769135,0.027729411704707937,0.5625,0.603448275862069,0.04094827586206895
Tesla Human (MBA) — reliability anchor,5,Q0_prop,0.8905986292568002,0.010602776492620262,0.011905224356193117,0.875,0.9043478260869565,0.02934782608695652
Tesla Human (MBA) — reliability anchor,5,Q1_prop,0.10940137074319982,0.010602776492620262,0.09691630388716414,0.09565217391304348,0.125,0.02934782608695652
Tesla Human (MBA) — reliability anchor,5,Q2_prop,0,0,0,0,0,0
Tesla Human (MBA) — reliability anchor,5,orphan_rate,0.007142857142857143,0.009780759955449395,1.3693063937629153,0,0.017857142857142856,0.017857142857142856
Tesla Human (MBA) — reliability anchor,5,root_count,55.8,3.0331501776206204,0.054357530064885674,53,61,8
Tesla Human (MBA) — reliability anchor,5,leaf_count,12,1.7320508075688772,0.14433756729740643,11,15,4
Tesla Human (MBA) — reliability anchor,5,component_count,6.6,2.073644135332772,0.31418850535345033,4,9,5
ENTITY_13_TMBA_seed1,5,n_nodes,190.8,7.429670248402684,0.03893957153250882,183,200,17
ENTITY_13_TMBA_seed1,5,n_edges,180,14.594519519326424,0.0810806639962579,169,205,36
ENTITY_13_TMBA_seed1,5,F_prop,0.42675992089522924,0.024486753164562107,0.05737828686722827,0.39086294416243655,0.455026455026455,0.06416351086401845
ENTITY_13_TMBA_seed1,5,M_prop,0.1365477255331628,0.015488622312559342,0.11343010110261911,0.1164021164021164,0.15300546448087432,0.036603348078757925
ENTITY_13_TMBA_seed1,5,V_prop,0.23738379360589562,0.02737293089695879,0.11531086634500123,0.21311475409836064,0.28426395939086296,0.07114920529250232
ENTITY_13_TMBA_seed1,5,P_prop,0.19930855996571234,0.005201662902326661,0.0260985423968821,0.19289340101522842,0.20540540540540542,0.012512004390176995
ENTITY_13_TMBA_seed1,5,S_prop,0.6760022563263405,0.043439350788812,0.06425918017622952,0.6272189349112426,0.7251461988304093,0.09792726391916673
ENTITY_13_TMBA_seed1,5,W_prop,0.06035222322414976,0.018097582777756038,0.2998660498477601,0.03333333333333333,0.08284023668639054,0.049506903353057206
ENTITY_13_TMBA_seed1,5,J_prop,0.17367651726612918,0.033782503985698153,0.1945139418815747,0.14146341463414633,0.21301775147928995,0.07155433684514362
ENTITY_13_TMBA_seed1,5,E_prop,0.0899690031833806,0.026330473652122495,0.29266161367214477,0.05263157894736842,0.11666666666666667,0.06403508771929825
ENTITY_13_TMBA_seed1,5,Ext_prop,0.018928012571351176,0.0050494740545642975,0.2667725433681832,0.015228426395939087,0.0273224043715847,0.012093977975645612
ENTITY_13_TMBA_seed1,5,Q0_prop,0.9270361823086295,0.014972614980453458,0.016151057818656712,0.9137055837563451,0.9508196721311475,0.037114088374802345
ENTITY_13_TMBA_seed1,5,Q1_prop,0.07081272045830588,0.017172769832100025,0.24250967511142654,0.04371584699453552,0.08629441624365482,0.0425785692491193
ENTITY_13_TMBA_seed1,5,Q2_prop,0.002151097233064446,0.0029461496773218274,1.3696032108807803,0,0.00546448087431694,0.00546448087431694
ENTITY_13_TMBA_seed1,5,orphan_rate,0.10627575592092527,0.043711794515627456,0.41130542085394645,0.032432432432432434,0.14720812182741116,0.11477568939497873
ENTITY_13_TMBA_seed1,5,root_count,88.6,6.913754406977442,0.07803334545121267,78,96,18
ENTITY_13_TMBA_seed1,5,leaf_count,32.6,9.20869154657707,0.2824752008152475,21,46,25
ENTITY_13_TMBA_seed1,5,component_count,33.6,10.644247272588137,0.31679307358893266,15,42,27
ENTITY_13_E1_seed1,5,n_nodes,242.4,9.762171889492626,0.04027298634279136,228,251,23
ENTITY_13_E1_seed1,5,n_edges,200,2.1213203435596424,0.010606601717798212,197,203,6
ENTITY_13_E1_seed1,5,F_prop,0.45008545380504383,0.0161339833525757,0.03584648918594955,0.4298245614035088,0.472,0.0421754385964912
ENTITY_13_E1_seed1,5,M_prop,0.11988733909414151,0.02167592433325069,0.18080244750640162,0.096,0.1394422310756972,0.043442231075697196
ENTITY_13_E1_seed1,5,V_prop,0.3490864857216406,0.01393696848290854,0.03992411351616113,0.3333333333333333,0.3617886178861789,0.028455284552845572
ENTITY_13_E1_seed1,5,P_prop,0.08094072137917405,0.003306667546421071,0.04085295374290885,0.076,0.08438818565400844,0.008388185654008437
ENTITY_13_E1_seed1,5,S_prop,0.6819850716411193,0.04295942029033806,0.06299173116350056,0.625,0.725,0.09999999999999998
ENTITY_13_E1_seed1,5,W_prop,0.0461254282213498,0.024554486374694123,0.5323416458457666,0.02,0.08121827411167512,0.06121827411167512
ENTITY_13_E1_seed1,5,J_prop,0.12978732714860844,0.03014403833282318,0.23225717791620598,0.1,0.1724137931034483,0.07241379310344828
ENTITY_13_E1_seed1,5,E_prop,0.1421021729889225,0.053039816150944476,0.37325126727709623,0.075,0.22,0.14500000000000002
ENTITY_13_E1_seed1,5,Ext_prop,0.07020903182630836,0.0037118292962545255,0.052868259249569206,0.06504065040650407,0.07456140350877193,0.009520753102267854
ENTITY_13_E1_seed1,5,Q0_prop,0.9494042174498682,0.010797648672460821,0.011373078478062452,0.9367088607594937,0.964,0.0272911392405063
ENTITY_13_E1_seed1,5,Q1_prop,0.05059578255013183,0.010797648672460832,0.21341005372853353,0.036,0.06329113924050633,0.027291139240506336
ENTITY_13_E1_seed1,5,Q2_prop,0,0,0,0,0,0
ENTITY_13_E1_seed1,5,orphan_rate,0.08843004611119551,0.014272584097486872,0.16139971339085302,0.072,0.10975609756097561,0.037756097560975616
ENTITY_13_E1_seed1,5,root_count,107.6,7.829431652425353,0.07276423468796797,97,116,19
ENTITY_13_E1_seed1,5,leaf_count,44.8,5.449770637375485,0.12164666601284566,37,52,15
ENTITY_13_E1_seed1,5,component_count,50.2,9.338094023943002,0.18601780924189246,38,62,24

===OVERALL (mean SD/CV across docs; noise floor per measure)===
measure,n_docs,mean_SD_across_runs,mean_CV_across_runs,max_CV_across_docs
n_nodes,23,5.163801080562166,0.028658414262466316,0.059268219984076845
n_edges,23,8.101529084186986,0.04910673929947008,0.1100642352780253
F_prop,23,0.01974764048120388,0.04906900052737704,0.12246893000355358
M_prop,23,0.015287437374610788,0.0855784537871527,0.18080244750640162
V_prop,23,0.020394590819887693,0.07223009034954346,0.1682480379222861
P_prop,23,0.008285938432395544,0.0704056516423777,0.25840074621277453
S_prop,23,0.040822052342736635,0.06259637099906006,0.1635403180756676
W_prop,23,0.022903178735273155,0.3427124652519907,0.769864892357559
J_prop,23,0.02311885006532071,0.1428777155627896,0.2716157298196659
E_prop,23,0.0345173037253782,0.3789092685469374,0.75491739091633
Ext_prop,23,0.012109589359164907,0.24219200552630907,1.391517470494427
Q0_prop,23,0.01364998870320947,0.014908277915057703,0.03548837888737463
Q1_prop,23,0.01352605015023232,0.17886396189906437,0.3238088643796539
Q2_prop,23,0.0006621749774708626,0.3592638653226723,2.23606797749979
orphan_rate,23,0.019855272040900086,0.48494273347792033,1.3693063937629153
root_count,23,5.442983037879227,0.06657276215196344,0.10829563315469647
leaf_count,23,4.458961822660853,0.1671882613958907,0.38085771224392173
component_count,23,5.514160089752992,0.27156170138336605,0.5219539227133919

===PAIRWISE-ALIGNED κ (semantic alignment between runs)===
source_title,run_pair,dimension,n,Po,kappa
ROK_Human,r1↔r2,type,73,0.8356164383561644,0.7463075586446568
ROK_Human,r1↔r2,citation,73,0.9863013698630136,0.9650215620507905
ROK_Human,r1↔r2,qualifier,73,0.9863013698630136,0.660465116279068
ROK_Human,r1↔r3,type,73,0.7945205479452054,0.6756516587677723
ROK_Human,r1↔r3,citation,73,1,1
ROK_Human,r1↔r3,qualifier,73,1,1
ROK_Human,r1↔r4,type,73,0.8356164383561644,0.744158878504673
ROK_Human,r1↔r4,citation,73,0.9863013698630136,0.9650215620507905
ROK_Human,r1↔r4,qualifier,73,1,1
ROK_Human,r1↔r5,type,73,0.7945205479452054,0.6748812351543942
ROK_Human,r1↔r5,citation,73,0.9726027397260274,0.9311969839773798
ROK_Human,r1↔r5,qualifier,73,1,1
ROK_Human,r2↔r3,type,73,0.8904109589041096,0.8360011232799776
ROK_Human,r2↔r3,citation,73,0.9863013698630136,0.9650215620507905
ROK_Human,r2↔r3,qualifier,73,0.9863013698630136,0.660465116279068
ROK_Human,r2↔r4,type,75,0.9333333333333333,0.901883830455259
ROK_Human,r2↔r4,citation,75,1,1
ROK_Human,r2↔r4,qualifier,75,0.9866666666666667,0.6606334841628959
ROK_Human,r2↔r5,type,75,0.9333333333333333,0.9009508716323297
ROK_Human,r2↔r5,citation,75,0.9866666666666667,0.9664429530201343
ROK_Human,r2↔r5,qualifier,75,0.9866666666666667,0.6606334841628959
ROK_Human,r3↔r4,type,73,0.8904109589041096,0.8351214003387917
ROK_Human,r3↔r4,citation,73,0.9863013698630136,0.9650215620507905
ROK_Human,r3↔r4,qualifier,73,1,1
ROK_Human,r3↔r5,type,73,0.9041095890410958,0.8539165237278444
ROK_Human,r3↔r5,citation,73,0.9726027397260274,0.9311969839773798
ROK_Human,r3↔r5,qualifier,73,1,1
ROK_Human,r4↔r5,type,75,0.8933333333333333,0.8408488063660478
ROK_Human,r4↔r5,citation,75,0.9866666666666667,0.9664429530201343
ROK_Human,r4↔r5,qualifier,75,1,1
ROK_Claude_T2_#1,r1↔r2,type,147,0.8979591836734694,0.8594108645753633
ROK_Claude_T2_#1,r1↔r2,citation,147,0.9931972789115646,0.9195402298850576
ROK_Claude_T2_#1,r1↔r2,qualifier,147,0.9659863945578231,0.796342477140482
ROK_Claude_T2_#1,r1↔r3,type,149,0.9194630872483222,0.8882080780292612
ROK_Claude_T2_#1,r1↔r3,citation,149,1,1
ROK_Claude_T2_#1,r1↔r3,qualifier,149,0.9798657718120806,0.8921071687183201
ROK_Claude_T2_#1,r1↔r4,type,143,0.9230769230769231,0.8929859174093476
ROK_Claude_T2_#1,r1↔r4,citation,143,0.993006993006993,0.91943661971831
ROK_Claude_T2_#1,r1↔r4,qualifier,143,0.972027972027972,0.8593212001967533
ROK_Claude_T2_#1,r1↔r5,type,139,0.9568345323741008,0.939770347367661
ROK_Claude_T2_#1,r1↔r5,citation,139,0.9928057553956835,0.9193267556587353
ROK_Claude_T2_#1,r1↔r5,qualifier,139,0.9784172661870504,0.8845195236776519
ROK_Claude_T2_#1,r2↔r3,type,152,0.9276315789473685,0.9003338102050548
ROK_Claude_T2_#1,r2↔r3,citation,152,0.993421052631579,0.9196617336152224
ROK_Claude_T2_#1,r2↔r3,qualifier,152,0.9605263157894737,0.7790697674418603
ROK_Claude_T2_#1,r2↔r4,type,148,0.9324324324324325,0.9060854115108827
ROK_Claude_T2_#1,r2↔r4,citation,148,1,1
ROK_Claude_T2_#1,r2↔r4,qualifier,148,0.9662162162162162,0.8094747682801238
ROK_Claude_T2_#1,r2↔r5,type,146,0.8972602739726028,0.8574775478328779
ROK_Claude_T2_#1,r2↔r5,citation,146,1,1
ROK_Claude_T2_#1,r2↔r5,qualifier,146,0.9657534246575342,0.7962032384142936
ROK_Claude_T2_#1,r3↔r4,type,151,0.9536423841059603,0.9354227761485826
ROK_Claude_T2_#1,r3↔r4,citation,151,0.9933774834437086,0.9196381053751992
ROK_Claude_T2_#1,r3↔r4,qualifier,151,0.9801324503311258,0.9030601326770812
ROK_Claude_T2_#1,r3↔r5,type,150,0.92,0.8886138613861388
ROK_Claude_T2_#1,r3↔r5,citation,150,0.9933333333333333,0.9196141479099673
ROK_Claude_T2_#1,r3↔r5,qualifier,150,0.9733333333333334,0.8601398601398604
ROK_Claude_T2_#1,r4↔r5,type,144,0.9305555555555556,0.9026500811249324
ROK_Claude_T2_#1,r4↔r5,citation,144,1,1
ROK_Claude_T2_#1,r4↔r5,qualifier,144,0.9722222222222222,0.8594436310395314
Tesla Human (MBA) — reliability anchor,r1↔r2,type,115,0.9565217391304348,0.932748538011696
Tesla Human (MBA) — reliability anchor,r1↔r2,citation,115,0.9565217391304348,0.9103383751754249
Tesla Human (MBA) — reliability anchor,r1↔r2,qualifier,115,0.9652173913043478,0.8140662894098625
Tesla Human (MBA) — reliability anchor,r1↔r3,type,113,0.9557522123893806,0.9328579916815213
Tesla Human (MBA) — reliability anchor,r1↔r3,citation,113,0.9734513274336283,0.9451899757477767
Tesla Human (MBA) — reliability anchor,r1↔r3,qualifier,113,0.9911504424778761,0.9516059957173447
Tesla Human (MBA) — reliability anchor,r1↔r4,type,112,1,1
Tesla Human (MBA) — reliability anchor,r1↔r4,citation,112,0.9910714285714286,0.9818181818181819
Tesla Human (MBA) — reliability anchor,r1↔r4,qualifier,112,0.9642857142857143,0.8260869565217392
Tesla Human (MBA) — reliability anchor,r1↔r5,type,115,0.9652173913043478,0.9468699468699469
Tesla Human (MBA) — reliability anchor,r1↔r5,citation,115,0.9652173913043478,0.9280575539568345
Tesla Human (MBA) — reliability anchor,r1↔r5,qualifier,115,0.9826086956521739,0.9132730015082956
Tesla Human (MBA) — reliability anchor,r2↔r3,type,112,0.9553571428571429,0.9321623258631132
Tesla Human (MBA) — reliability anchor,r2↔r3,citation,112,0.9732142857142857,0.9444811632518175
Tesla Human (MBA) — reliability anchor,r2↔r3,qualifier,112,0.9732142857142857,0.8424015009380862
Tesla Human (MBA) — reliability anchor,r2↔r4,type,115,0.9565217391304348,0.932748538011696
Tesla Human (MBA) — reliability anchor,r2↔r4,citation,115,0.9478260869565217,0.8927572272303388
Tesla Human (MBA) — reliability anchor,r2↔r4,qualifier,115,0.9565217391304348,0.7760031164783796
Tesla Human (MBA) — reliability anchor,r2↔r5,type,115,0.9565217391304348,0.9335029489996531
Tesla Human (MBA) — reliability anchor,r2↔r5,citation,115,0.9565217391304348,0.9097472924187726
Tesla Human (MBA) — reliability anchor,r2↔r5,qualifier,115,0.9826086956521739,0.9070331447049312
Tesla Human (MBA) — reliability anchor,r3↔r4,type,113,0.9557522123893806,0.9328579916815213
Tesla Human (MBA) — reliability anchor,r3↔r4,citation,113,0.9646017699115044,0.9271672574927489
Tesla Human (MBA) — reliability anchor,r3↔r4,qualifier,113,0.9646017699115044,0.813685078318219
Tesla Human (MBA) — reliability anchor,r3↔r5,type,114,0.9824561403508771,0.9735774713176497
Tesla Human (MBA) — reliability anchor,r3↔r5,citation,114,0.9736842105263158,0.9455240522459383
Tesla Human (MBA) — reliability anchor,r3↔r5,qualifier,114,0.9912280701754386,0.9516539440203561
Tesla Human (MBA) — reliability anchor,r4↔r5,type,115,0.9652173913043478,0.9468699468699469
Tesla Human (MBA) — reliability anchor,r4↔r5,citation,115,0.9565217391304348,0.910394265232975
Tesla Human (MBA) — reliability anchor,r4↔r5,qualifier,115,0.9739130434782609,0.8741335279095223
